timestamp	json_file	law_url	status
2025-04-13T00:51:33.901132	ambiguity_legal/perturbed_DOMINIADVISORTRUST_02_18_2005-EX-99.(H)(2)-SPONSORSHIPAGREEMENT.txt.json	https://www.sec.gov/divisions/investment/whistleblower/ia-section-36a	ERROR: HTTPError – 403 Client Error: Forbidden for url: https://www.sec.gov/divisions/investment/whistleblower/ia-section-36a
2025-04-13T00:51:34.791882	ambiguity_legal/perturbed_DOMINIADVISORTRUST_02_18_2005-EX-99.(H)(2)-SPONSORSHIPAGREEMENT.txt.json	https://www.law.cornell.edu/rules/cfr/17/240.10b-5	ERROR: HTTPError – 404 Client Error: Not Found for url: https://www.law.cornell.edu/rules/cfr/17/240.10b-5
2025-04-13T00:51:35.893893	ambiguity_legal/perturbed_DOMINIADVISORTRUST_02_18_2005-EX-99.(H)(2)-SPONSORSHIPAGREEMENT.txt.json	https://malegislature.gov/Laws/GeneralLaws/PartI/TitleXXII/Chapter156D/Section8.51	OK
2025-04-13T00:51:36.701400	ambiguity_legal/perturbed_IntegrityFunds_20200121_485BPOS_EX-99.EUNDRCONTR_11948727_EX-99.EUNDRCONTR_ServiceAgreement.txt.json	https://www.law.cornell.edu/cfr/text/17/240.15c3-1	OK
2025-04-13T00:51:37.471220	ambiguity_legal/perturbed_IntegrityFunds_20200121_485BPOS_EX-99.EUNDRCONTR_11948727_EX-99.EUNDRCONTR_ServiceAgreement.txt.json	https://www.law.cornell.edu/topn/investment_company_act_of_1940	OK
2025-04-13T00:51:38.064091	ambiguity_legal/perturbed_IntegrityFunds_20200121_485BPOS_EX-99.EUNDRCONTR_11948727_EX-99.EUNDRCONTR_ServiceAgreement.txt.json	https://www.law.cornell.edu/cfr/text/17/270.12b-1	OK
2025-04-13T00:51:41.769968	ambiguity_legal/perturbed_VEONEER,INC_02_21_2020-EX-10.11-JOINTVENTUREAGREEMENT.txt.json	https://www.japaneselawtranslation.go.jp/en/laws/view/1/4728#aa	OK
2025-04-13T00:51:42.571942	ambiguity_legal/perturbed_VEONEER,INC_02_21_2020-EX-10.11-JOINTVENTUREAGREEMENT.txt.json	https://www.japaneselawtranslation.go.jp/en/laws/view/2509	OK
2025-04-13T00:51:44.334410	ambiguity_legal/perturbed_ADAMSGOLFINC_03_21_2005-EX-10.17-ENDORSEMENTAGREEMENT.txt.json	https://law.justia.com/codes/kansas/2022/chapter-84/article-1/section-84-1-103/	ERROR: HTTPError – 404 Client Error: Not Found for url: https://law.justia.com/codes/kansas/2022/chapter-84/article-1/section-84-1-103/
2025-04-13T00:51:45.750203	ambiguity_legal/perturbed_ADAMSGOLFINC_03_21_2005-EX-10.17-ENDORSEMENTAGREEMENT.txt.json	https://law.justia.com/codes/kansas/2022/chapter-84/article-1/section-84-1-304/	ERROR: HTTPError – 404 Client Error: Not Found for url: https://law.justia.com/codes/kansas/2022/chapter-84/article-1/section-84-1-304/
2025-04-13T00:51:46.669606	ambiguity_legal/perturbed_ADAMSGOLFINC_03_21_2005-EX-10.17-ENDORSEMENTAGREEMENT.txt.json	https://casetext.com/statute/kansas-statutes-annotated/chapter-16-contracts-and-promises/article-1-general-provisions/section-16-121-indemnification-agreements-in-certain-contracts-void-as-against-public-policy-when	ERROR: HTTPError – 410 Client Error: Gone for url: https://casetext.com/statute/kansas-statutes-annotated/chapter-16-contracts-and-promises/article-1-general-provisions/section-16-121-indemnification-agreements-in-certain-contracts-void-as-against-public-policy-when
2025-04-13T00:51:47.712785	ambiguity_legal/perturbed_PfHospitalityGroupInc_20150923_10-12G_EX-10.1_9266710_EX-10.1_FranchiseAgreement3.txt.json	https://leginfo.legislature.ca.gov/faces/codes_displaySection.xhtml?lawCode=CIV&sectionNum=3426	OK
2025-04-13T00:51:48.480391	ambiguity_legal/perturbed_PfHospitalityGroupInc_20150923_10-12G_EX-10.1_9266710_EX-10.1_FranchiseAgreement3.txt.json	https://leginfo.legislature.ca.gov/faces/codes_displaySection.xhtml?lawCode=BPC&sectionNum=16600	OK
2025-04-13T00:51:48.985634	ambiguity_legal/perturbed_PfHospitalityGroupInc_20150923_10-12G_EX-10.1_9266710_EX-10.1_FranchiseAgreement3.txt.json	N/A - General Principle	SKIPPED (no url)
2025-04-13T00:51:49.523487	ambiguity_legal/perturbed_PREMIERBIOMEDICALINC_05_14_2020-EX-10.2-INTELLECTUALPROPERTYAGREEMENT.txt.json	https://www.legis.state.pa.us/WU01/LI/LI/CT/HTM/13/00.001.003.004..HTM	OK
2025-04-13T00:51:50.142868	ambiguity_legal/perturbed_PREMIERBIOMEDICALINC_05_14_2020-EX-10.2-INTELLECTUALPROPERTYAGREEMENT.txt.json	https://casetext.com/statute/pennsylvania-statutes/title-42-judiciary-and-judicial-procedure/chapter-83a-uniform-contribution-among-tortfeasors-act/subchapter-a-general-provisions/section-8322-effect-of-release	ERROR: HTTPError – 410 Client Error: Gone for url: https://casetext.com/statute/pennsylvania-statutes/title-42-judiciary-and-judicial-procedure/chapter-83a-uniform-contribution-among-tortfeasors-act/subchapter-a-general-provisions/section-8322-effect-of-release
2025-04-13T00:51:51.075190	ambiguity_legal/perturbed_PREMIERBIOMEDICALINC_05_14_2020-EX-10.2-INTELLECTUALPROPERTYAGREEMENT.txt.json	https://codes.findlaw.com/pa/title-41-ps-interest/pa-st-sect-41-201.html	OK
2025-04-13T00:51:51.763797	ambiguity_legal/perturbed_CENTRACKINTERNATIONALINC_10_29_1999-EX-10.3-WEBSITEHOSTINGAGREEMENT.txt.json	http://www.leg.state.fl.us/statutes/index.cfm?App_mode=Display_Statute&URL=0500-0599/0501/0501PART01ContentsIndex.html	OK
2025-04-13T00:51:52.517985	ambiguity_legal/perturbed_CENTRACKINTERNATIONALINC_10_29_1999-EX-10.3-WEBSITEHOSTINGAGREEMENT.txt.json	http://www.leg.state.fl.us/statutes/index.cfm?App_mode=Display_Statute&URL=0500-0599/0501/Sections/0501.171.html	OK
2025-04-13T00:51:53.180413	ambiguity_legal/perturbed_CENTRACKINTERNATIONALINC_10_29_1999-EX-10.3-WEBSITEHOSTINGAGREEMENT.txt.json	https://www.law.cornell.edu/topn/computer_fraud_and_abuse_act	ERROR: HTTPError – 404 Client Error: Not Found for url: https://www.law.cornell.edu/topn/computer_fraud_and_abuse_act
2025-04-13T00:51:53.930690	ambiguity_legal/perturbed_FTENETWORKS,INC_02_18_2016-EX-99.4-STRATEGICALLIANCEAGREEMENT.txt.json	https://www.osha.gov/laws-regs/regulations/standardnumber/1926/1926.20	ERROR: HTTPError – 403 Client Error: Forbidden for url: https://www.osha.gov/laws-regs/regulations/standardnumber/1926/1926.20
2025-04-13T00:51:54.726732	ambiguity_legal/perturbed_FTENETWORKS,INC_02_18_2016-EX-99.4-STRATEGICALLIANCEAGREEMENT.txt.json	https://statutes.capitol.texas.gov/Docs/OC/htm/OC.51.htm	OK
2025-04-13T00:51:55.359839	ambiguity_legal/perturbed_FTENETWORKS,INC_02_18_2016-EX-99.4-STRATEGICALLIANCEAGREEMENT.txt.json	https://statutes.capitol.texas.gov/Docs/PR/htm/PR.53.htm	OK
2025-04-13T00:51:56.293739	ambiguity_legal/perturbed_ThriventVariableInsuranceAccountB_20190701_N-6_EX-99.D(IV)_11720968_EX-99.D(IV)_EndorsementAgreement.txt.json	https://docs.legis.wisconsin.gov/statutes/statutes/611/11	ERROR: HTTPError – 404 Client Error: Not Found for url: https://docs.legis.wisconsin.gov/statutes/statutes/611/11
2025-04-13T00:51:56.977151	ambiguity_legal/perturbed_ThriventVariableInsuranceAccountB_20190701_N-6_EX-99.D(IV)_11720968_EX-99.D(IV)_EndorsementAgreement.txt.json	https://docs.legis.wisconsin.gov/statutes/statutes/611/30	ERROR: HTTPError – 404 Client Error: Not Found for url: https://docs.legis.wisconsin.gov/statutes/statutes/611/30
2025-04-13T00:51:57.658216	ambiguity_legal/perturbed_ThriventVariableInsuranceAccountB_20190701_N-6_EX-99.D(IV)_11720968_EX-99.D(IV)_EndorsementAgreement.txt.json	https://docs.legis.wisconsin.gov/statutes/statutes/631/03	ERROR: HTTPError – 404 Client Error: Not Found for url: https://docs.legis.wisconsin.gov/statutes/statutes/631/03
2025-04-13T00:51:58.282621	ambiguity_legal/perturbed_NELNETINC_04_08_2020-EX-1-JOINTFILINGAGREEMENT.txt.json	https://www.law.cornell.edu/cfr/text/17/240.13d-1	OK
2025-04-13T00:51:58.877853	ambiguity_legal/perturbed_NELNETINC_04_08_2020-EX-1-JOINTFILINGAGREEMENT.txt.json	https://www.law.cornell.edu/cfr/text/17/240.13d-1	OK
2025-04-13T00:51:59.469197	ambiguity_legal/perturbed_KIROMICBIOPHARMA,INC_05_11_2020-EX-10.23-CONSULTINGAGREEMENT.txt.json	https://statutes.capitol.texas.gov/Docs/BC/htm/BC.134A.htm	ERROR: HTTPError – 404 Client Error: Not Found for url: https://statutes.capitol.texas.gov/Docs/BC/htm/BC.134A.htm
2025-04-13T00:52:00.059511	ambiguity_legal/perturbed_KIROMICBIOPHARMA,INC_05_11_2020-EX-10.23-CONSULTINGAGREEMENT.txt.json	https://www.law.cornell.edu/uscode/text/35/261	OK
2025-04-13T00:52:00.633142	ambiguity_legal/perturbed_KIROMICBIOPHARMA,INC_05_11_2020-EX-10.23-CONSULTINGAGREEMENT.txt.json	https://statutes.capitol.texas.gov/Docs/BC/htm/BC.28.htm	ERROR: HTTPError – 404 Client Error: Not Found for url: https://statutes.capitol.texas.gov/Docs/BC/htm/BC.28.htm
2025-04-13T00:52:01.237994	ambiguity_legal/perturbed_WHITESMOKE,INC_11_08_2011-EX-10.26-PROMOTIONANDDISTRIBUTIONAGREEMENT.txt.json	https://www.law.cornell.edu/wex/contract	OK
2025-04-13T00:52:01.819212	ambiguity_legal/perturbed_WHITESMOKE,INC_11_08_2011-EX-10.26-PROMOTIONANDDISTRIBUTIONAGREEMENT.txt.json	https://www.law.cornell.edu/ucc/1/1-304	OK
2025-04-13T00:52:02.494968	ambiguity_legal/perturbed_WHITESMOKE,INC_11_08_2011-EX-10.26-PROMOTIONANDDISTRIBUTIONAGREEMENT.txt.json	https://www.law.cornell.edu/topn/computer_fraud_and_abuse_act	ERROR: HTTPError – 404 Client Error: Not Found for url: https://www.law.cornell.edu/topn/computer_fraud_and_abuse_act
2025-04-13T00:52:03.401914	ambiguity_legal/perturbed_BONTONSTORESINC_04_20_2018-EX-99.3-AGENCYAGREEMENT.txt.json	https://www.ada.gov/law-and-regs/design-standards/	OK
2025-04-13T00:52:04.031742	ambiguity_legal/perturbed_BONTONSTORESINC_04_20_2018-EX-99.3-AGENCYAGREEMENT.txt.json	https://www.osha.gov/laws-regs/regulations/standardnumber/1910/1910.22	ERROR: HTTPError – 403 Client Error: Forbidden for url: https://www.osha.gov/laws-regs/regulations/standardnumber/1910/1910.22
2025-04-13T00:52:04.974418	ambiguity_legal/perturbed_BONTONSTORESINC_04_20_2018-EX-99.3-AGENCYAGREEMENT.txt.json	https://www.ftc.gov/legal-library/browse/statutes/federal-trade-commission-act	OK
2025-04-13T00:52:05.610613	ambiguity_legal/perturbed_ReynoldsConsumerProductsInc_20191115_S-1_EX-10.18_11896469_EX-10.18_SupplyAgreement.txt.json	https://www.sec.gov/spotlight/sox/index.shtml	ERROR: HTTPError – 403 Client Error: Forbidden for url: https://www.sec.gov/spotlight/sox/index.shtml
2025-04-13T00:52:06.802687	ambiguity_legal/perturbed_ReynoldsConsumerProductsInc_20191115_S-1_EX-10.18_11896469_EX-10.18_SupplyAgreement.txt.json	https://www.fda.gov/regulatory-information/federal-food-drug-and-cosmetic-act	ERROR: HTTPError – 404 Client Error: Not Found for url: https://www.fda.gov/regulatory-information/federal-food-drug-and-cosmetic-act
2025-04-13T00:52:07.859852	ambiguity_legal/perturbed_ReynoldsConsumerProductsInc_20191115_S-1_EX-10.18_11896469_EX-10.18_SupplyAgreement.txt.json	http://www.ilga.gov/legislation/ilcs/ilcs3.asp?ActID=638&ChapterID=10	OK
2025-04-13T00:52:08.700120	ambiguity_legal/perturbed_LIMEENERGYCO_09_09_1999-EX-10-DISTRIBUTORAGREEMENT.txt.json	http://www.ilga.gov/legislation/ilcs/ilcs4.asp?DocName=081000050HArt%2E+2&ActID=2365&ChapterID=68&SeqStart=4050000&SeqEnd=4650000	OK
2025-04-13T00:52:09.421794	ambiguity_legal/perturbed_LIMEENERGYCO_09_09_1999-EX-10-DISTRIBUTORAGREEMENT.txt.json	http://www.ilga.gov/legislation/ilcs/fulltext.asp?DocName=073500050K2-621	OK
2025-04-13T00:52:10.220051	ambiguity_legal/perturbed_LIMEENERGYCO_09_09_1999-EX-10-DISTRIBUTORAGREEMENT.txt.json	http://www.ilga.gov/legislation/ilcs/ilcs3.asp?ActID=2374&ChapterID=68	OK
2025-04-13T00:52:10.768548	ambiguity_legal/perturbed_SIBANNAC,INC_12_04_2017-EX-2.1-StrategicAllianceAgreement.txt.json	https://statutes.capitol.texas.gov/Docs/CP/htm/CP.151.htm	OK
2025-04-13T00:52:11.395521	ambiguity_legal/perturbed_SIBANNAC,INC_12_04_2017-EX-2.1-StrategicAllianceAgreement.txt.json	https://statutes.capitol.texas.gov/Docs/BC/htm/BC.2.htm	OK
2025-04-13T00:52:11.958898	ambiguity_legal/perturbed_SIBANNAC,INC_12_04_2017-EX-2.1-StrategicAllianceAgreement.txt.json	https://statutes.capitol.texas.gov/Docs/CP/htm/CP.134A.htm	OK
2025-04-13T00:52:14.248124	ambiguity_legal/perturbed_LohaCompanyltd_20191209_F-1_EX-10.16_11917878_EX-10.16_SupplyAgreement.txt.json	http://www.npc.gov.cn/englishnpc/Law/2007-12/13/content_1383564.htm	OK
2025-04-13T00:52:16.570647	ambiguity_legal/perturbed_LohaCompanyltd_20191209_F-1_EX-10.16_11917878_EX-10.16_SupplyAgreement.txt.json	http://www.fdi.gov.cn/1800000121_39_678_0_7.html	"ERROR: ConnectionError – HTTPConnectionPool(host='www.fdi.gov.cn', port=80): Max retries exceeded with url: /1800000121_39_678_0_7.html (Caused by NameResolutionError(""<urllib3.connection.HTTPConnection object at 0x1163d5280>: Failed to resolve 'www.fdi.gov.cn' ([Errno 8] nodename nor servname provided, or not known)""))"
2025-04-13T00:52:17.083218	ambiguity_legal/perturbed_LohaCompanyltd_20191209_F-1_EX-10.16_11917878_EX-10.16_SupplyAgreement.txt.json	http://www.fdi.gov.cn/1800000121_39_515_0_7.html	"ERROR: ConnectionError – HTTPConnectionPool(host='www.fdi.gov.cn', port=80): Max retries exceeded with url: /1800000121_39_515_0_7.html (Caused by NameResolutionError(""<urllib3.connection.HTTPConnection object at 0x1163a2c70>: Failed to resolve 'www.fdi.gov.cn' ([Errno 8] nodename nor servname provided, or not known)""))"
2025-04-13T00:52:17.777549	ambiguity_legal/perturbed_CerenceInc_20191002_8-K_EX-10.4_11827494_EX-10.4_IntellectualPropertyAgreement.txt.json	https://www.law.cornell.edu/topn/trademark_act_of_1946	OK
2025-04-13T00:52:19.283651	ambiguity_legal/perturbed_CerenceInc_20191002_8-K_EX-10.4_11827494_EX-10.4_IntellectualPropertyAgreement.txt.json	https://www.bis.doc.gov/index.php/regulations/export-administration-regulations-ear	OK
2025-04-13T00:52:20.578582	ambiguity_legal/perturbed_CerenceInc_20191002_8-K_EX-10.4_11827494_EX-10.4_IntellectualPropertyAgreement.txt.json	https://delcode.delaware.gov/title8/c001/sc04/	OK
2025-04-13T00:52:21.227386	ambiguity_legal/.ipynb_checkpoints/perturbed_FTENETWORKS,INC_02_18_2016-EX-99.4-STRATEGICALLIANCEAGREEMENT.txt-checkpoint.json	https://www.osha.gov/laws-regs/regulations/standardnumber/1926/1926.20	ERROR: HTTPError – 403 Client Error: Forbidden for url: https://www.osha.gov/laws-regs/regulations/standardnumber/1926/1926.20
2025-04-13T00:52:21.837342	ambiguity_legal/.ipynb_checkpoints/perturbed_FTENETWORKS,INC_02_18_2016-EX-99.4-STRATEGICALLIANCEAGREEMENT.txt-checkpoint.json	https://statutes.capitol.texas.gov/Docs/OC/htm/OC.51.htm	OK
2025-04-13T00:52:22.449864	ambiguity_legal/.ipynb_checkpoints/perturbed_FTENETWORKS,INC_02_18_2016-EX-99.4-STRATEGICALLIANCEAGREEMENT.txt-checkpoint.json	https://statutes.capitol.texas.gov/Docs/PR/htm/PR.53.htm	OK
2025-04-13T00:52:23.479699	ambiguity_legal/.ipynb_checkpoints/perturbed_PfHospitalityGroupInc_20150923_10-12G_EX-10.1_9266710_EX-10.1_FranchiseAgreement3.txt-checkpoint.json	https://leginfo.legislature.ca.gov/faces/codes_displaySection.xhtml?lawCode=CIV&sectionNum=3426	OK
2025-04-13T00:52:24.248549	ambiguity_legal/.ipynb_checkpoints/perturbed_PfHospitalityGroupInc_20150923_10-12G_EX-10.1_9266710_EX-10.1_FranchiseAgreement3.txt-checkpoint.json	https://leginfo.legislature.ca.gov/faces/codes_displaySection.xhtml?lawCode=BPC&sectionNum=16600	OK
2025-04-13T00:52:24.753774	ambiguity_legal/.ipynb_checkpoints/perturbed_PfHospitalityGroupInc_20150923_10-12G_EX-10.1_9266710_EX-10.1_FranchiseAgreement3.txt-checkpoint.json	N/A - General Principle	SKIPPED (no url)
2025-04-13T00:52:24.965424	structuralFlaws_legal/perturbed_ACCURAYINC_09_01_2010-EX-10.31-DISTRIBUTOR AGREEMENT.txt.json	https://www.law.cornell.edu/topn/warranty	ERROR: HTTPError – 404 Client Error: Not Found for url: https://www.law.cornell.edu/topn/warranty
2025-04-13T00:52:25.635764	structuralFlaws_legal/perturbed_ADAMSGOLFINC_03_21_2005-EX-10.17-ENDORSEMENT AGREEMENT.txt.json	https://www.law.cornell.edu/topn/arbitration	ERROR: HTTPError – 404 Client Error: Not Found for url: https://www.law.cornell.edu/topn/arbitration
2025-04-13T00:52:26.217435	structuralFlaws_legal/perturbed_ADAMSGOLFINC_03_21_2005-EX-10.17-ENDORSEMENT AGREEMENT.txt.json	https://www.law.cornell.edu/wex/duty_of_good_faith	OK
2025-04-13T00:52:28.587847	structuralFlaws_legal/perturbed_ADAMSGOLFINC_03_21_2005-EX-10.17-ENDORSEMENT AGREEMENT.txt.json	https://law.justia.com/codes/restatement/second/conflict-of-laws/conflict-of-laws-sections-187-to-188/	ERROR: HTTPError – 404 Client Error: Not Found for url: https://law.justia.com/codes/restatement
2025-04-13T00:52:29.199561	structuralFlaws_legal/perturbed_ALCOSTORESINC_12_14_2005-EX-10.26-AGENCY AGREEMENT.txt.json	https://www.law.cornell.edu/wex/agency	OK
2025-04-13T00:52:29.830965	structuralFlaws_legal/perturbed_ALCOSTORESINC_12_14_2005-EX-10.26-AGENCY AGREEMENT.txt.json	https://www.law.cornell.edu/ucc/2A	OK
2025-04-13T00:52:30.433713	structuralFlaws_legal/perturbed_ALCOSTORESINC_12_14_2005-EX-10.26-AGENCY AGREEMENT.txt.json	https://www.law.cornell.edu/wex/contract	OK
2025-04-13T00:52:31.399787	structuralFlaws_legal/perturbed_2ThemartComInc_19990826_10-12G_EX-10.10_6700288_EX-10.10_Co-Branding Agreement_ Agency Agreement.txt.json	https://www.fasb.org/	ERROR: HTTPError – 403 Client Error: Forbidden for url: https://www.fasb.org/
2025-04-13T00:52:31.989911	structuralFlaws_legal/perturbed_2ThemartComInc_19990826_10-12G_EX-10.10_6700288_EX-10.10_Co-Branding Agreement_ Agency Agreement.txt.json	https://www.law.cornell.edu/wex/conflict_of_laws	OK
2025-04-13T00:52:32.661868	structuralFlaws_legal/perturbed_2ThemartComInc_19990826_10-12G_EX-10.10_6700288_EX-10.10_Co-Branding Agreement_ Agency Agreement.txt.json	https://www.law.cornell.edu/ucc/2/719	ERROR: HTTPError – 404 Client Error: Not Found for url: https://www.law.cornell.edu/ucc/2/719
2025-04-13T00:52:33.726413	structuralFlaws_legal/perturbed_AimmuneTherapeuticsInc_20200205_8-K_EX-10.3_11967170_EX-10.3_Development Agreement.txt.json	https://www.justice.gov/criminal-fraud/foreign-corrupt-practices-act	OK
2025-04-13T00:52:34.388382	structuralFlaws_legal/perturbed_AimmuneTherapeuticsInc_20200205_8-K_EX-10.3_11967170_EX-10.3_Development Agreement.txt.json	https://www.law.cornell.edu/topn/arbitration	ERROR: HTTPError – 404 Client Error: Not Found for url: https://www.law.cornell.edu/topn/arbitration
2025-04-13T00:52:35.404199	structuralFlaws_legal/perturbed_AimmuneTherapeuticsInc_20200205_8-K_EX-10.3_11967170_EX-10.3_Development Agreement.txt.json	https://leginfo.legislature.ca.gov/faces/codes_displaySection.xhtml?lawCode=COM&sectionNum=2719	OK
2025-04-13T00:52:36.000911	structuralFlaws_legal/perturbed_ADMA BioManufacturing, LLC -  Amendment #3 to Manufacturing Agreement .txt.json	https://www.law.cornell.edu/wex/liquidated_damages	OK
2025-04-13T00:52:36.656067	structuralFlaws_legal/perturbed_ADMA BioManufacturing, LLC -  Amendment #3 to Manufacturing Agreement .txt.json	https://www.law.cornell.edu/ucc/2/719	ERROR: HTTPError – 404 Client Error: Not Found for url: https://www.law.cornell.edu/ucc/2/719
2025-04-13T00:52:37.335473	structuralFlaws_legal/perturbed_ADMA BioManufacturing, LLC -  Amendment #3 to Manufacturing Agreement .txt.json	https://www.law.cornell.edu/ucc/2/509	ERROR: HTTPError – 404 Client Error: Not Found for url: https://www.law.cornell.edu/ucc/2/509
2025-04-13T00:52:38.001827	structuralFlaws_legal/perturbed_AIRSPANNETWORKSINC_04_11_2000-EX-10.5-Distributor Agreement.txt.json	https://www.law.cornell.edu/ucc/2/316	ERROR: HTTPError – 404 Client Error: Not Found for url: https://www.law.cornell.edu/ucc/2/316
2025-04-13T00:52:39.286760	structuralFlaws_legal/perturbed_AIRSPANNETWORKSINC_04_11_2000-EX-10.5-Distributor Agreement.txt.json	https://law.justia.com/constitution/us/topic-1/240-contracts.html	ERROR: HTTPError – 404 Client Error: Not Found for url: https://law.justia.com/constitution/us/topic-1/240-contracts.html
2025-04-13T00:52:39.951320	structuralFlaws_legal/perturbed_AIRSPANNETWORKSINC_04_11_2000-EX-10.5-Distributor Agreement.txt.json	https://www.law.cornell.edu/ucc/2/302	ERROR: HTTPError – 404 Client Error: Not Found for url: https://www.law.cornell.edu/ucc/2/302
2025-04-13T00:52:40.644525	structuralFlaws_legal/perturbed_ADAPTIMMUNETHERAPEUTICSPLC_04_06_2017-EX-10.11-STRATEGIC ALLIANCE AGREEMENT.txt.json	https://www.law.cornell.edu/topn/physician_payments_sunshine_act	ERROR: HTTPError – 404 Client Error: Not Found for url: https://www.law.cornell.edu/topn/physician_payments_sunshine_act
2025-04-13T00:52:41.236962	structuralFlaws_legal/perturbed_ADUROBIOTECH,INC_06_02_2020-EX-10.7-CONSULTING AGREEMENT.txt.json	https://www.law.cornell.edu/topn/defend_trade_secrets_act_of_2016	OK
2025-04-13T00:52:41.892941	structuralFlaws_legal/perturbed_AlliedEsportsEntertainmentInc_20190815_8-K_EX-10.19_11788293_EX-10.19_Content License Agreement.txt.json	https://www.law.cornell.edu/topn/change_of_venue	ERROR: HTTPError – 404 Client Error: Not Found for url: https://www.law.cornell.edu/topn/change_of_venue
2025-04-13T00:52:42.901146	structuralFlaws_legal/perturbed_AlliedEsportsEntertainmentInc_20190815_8-K_EX-10.19_11788293_EX-10.19_Content License Agreement.txt.json	https://leginfo.legislature.ca.gov/faces/codes_displaySection.xhtml?lawCode=CIV&sectionNum=1587.	OK
2025-04-13T00:52:44.317083	structuralFlaws_legal/perturbed_AlliedEsportsEntertainmentInc_20190815_8-K_EX-10.19_11788293_EX-10.19_Content License Agreement.txt.json	https://corporate.findlaw.com/litigation/california-implied-covenant-of-good-faith-and-fair-dealing.html	ERROR: HTTPError – 403 Client Error: Forbidden for url: https://corporate.findlaw.com/litigation/california-implied-covenant-of-good-faith-and-fair-dealing.html
2025-04-13T00:52:46.406203	structuralFlaws_legal/perturbed_ACCELERATEDTECHNOLOGIESHOLDINGCORP_04_24_2003-EX-10.13-JOINT VENTURE AGREEMENT.txt.json	https://www.pacourts.us/learn/doing-research	ERROR: HTTPError – 404 Client Error: Not Found for url: https://www.pacourts.us/learn/doing-research
2025-04-13T00:52:47.369652	structuralFlaws_legal/perturbed_ALLIANCEBANCORPINCOFPENNSYLVANIA_10_18_2006-EX-1.2-AGENCY AGREEMENT.txt.json	https://www.dot.state.pa.us/public/dvdmv/dmv/dl/fact_sheets/fs-rtt.pdf	ERROR: HTTPError – 404 Client Error: Not Found for url: https://www.dot.state.pa.us/public/dvdmv/dmv/dl/fact_sheets/fs-rtt.pdf
2025-04-13T00:52:48.098539	structuralFlaws_legal/perturbed_ALLIANCEBANCORPINCOFPENNSYLVANIA_10_18_2006-EX-1.2-AGENCY AGREEMENT.txt.json	https://www.sec.gov/about/laws/sea34.pdf	ERROR: HTTPError – 403 Client Error: Forbidden for url: https://www.sec.gov/about/laws/sea34.pdf
2025-04-13T00:52:48.672200	structuralFlaws_legal/perturbed_ALLIANCEBANCORPINCOFPENNSYLVANIA_10_18_2006-EX-1.2-AGENCY AGREEMENT.txt.json	https://www.sec.gov/about/laws/sa33.pdf	ERROR: HTTPError – 403 Client Error: Forbidden for url: https://www.sec.gov/about/laws/sa33.pdf
2025-04-13T00:52:49.269337	structuralFlaws_legal/perturbed_ALAMOGORDOFINANCIALCORP_12_16_1999-EX-1-AGENCY AGREEMENT.txt.json	https://www.sec.gov/files/rules/final/33-8644.pdf	ERROR: HTTPError – 403 Client Error: Forbidden for url: https://www.sec.gov/files/rules/final/33-8644.pdf
2025-04-13T00:52:49.896046	structuralFlaws_legal/perturbed_ALAMOGORDOFINANCIALCORP_12_16_1999-EX-1-AGENCY AGREEMENT.txt.json	https://www.law.cornell.edu/topn/securities_act_of_1933	OK
2025-04-13T00:52:51.754470	structuralFlaws_legal/perturbed_ALAMOGORDOFINANCIALCORP_12_16_1999-EX-1-AGENCY AGREEMENT.txt.json	https://law.justia.com/constitution/us/topic-subtopic/357	ERROR: HTTPError – 404 Client Error: Not Found for url: https://law.justia.com/constitution/us/topic-subtopic/357/
2025-04-13T00:52:52.374349	structuralFlaws_legal/perturbed_ADUROBIOTECH,INC_06_02_2020-EX-10.7-CONSULTING AGREEMENT(1).txt.json	https://www.law.cornell.edu/topn/defend_trade_secrets_act_of_2016	OK
2025-04-13T00:52:53.429873	structuralFlaws_legal/perturbed_ADUROBIOTECH,INC_06_02_2020-EX-10.7-CONSULTING AGREEMENT(1).txt.json	https://leginfo.legislature.ca.gov/faces/codes_displaySection.xhtml?lawCode=CIV&sectionNum=1646	OK
2025-04-13T00:52:54.158210	structuralFlaws_legal/perturbed_ADUROBIOTECH,INC_06_02_2020-EX-10.7-CONSULTING AGREEMENT(1).txt.json	https://www.sec.gov/rules/final/34-42259.htm	ERROR: HTTPError – 403 Client Error: Forbidden for url: https://www.sec.gov/rules/final/34-42259.htm
2025-04-13T00:52:54.859907	structuralFlaws_legal/perturbed_ADIANUTRITION,INC_04_01_2005-EX-10.D2-RESELLER AGREEMENT.txt.json	https://www.law.cornell.edu/ucc/2/316	ERROR: HTTPError – 404 Client Error: Not Found for url: https://www.law.cornell.edu/ucc/2/316
2025-04-13T00:52:55.539844	structuralFlaws_legal/perturbed_AgapeAtpCorp_20191202_10-KA_EX-10.1_11911128_EX-10.1_Supply Agreement.txt.json	https://www.law.cornell.edu/topn/arbitration	ERROR: HTTPError – 404 Client Error: Not Found for url: https://www.law.cornell.edu/topn/arbitration
2025-04-13T00:52:56.142676	structuralFlaws_legal/perturbed_ABILITYINC_06_15_2020-EX-4.25-SERVICES AGREEMENT.txt.json	https://www.law.cornell.edu/wex/contract	OK
2025-04-13T00:52:56.754236	structuralFlaws_legal/perturbed_ABILITYINC_06_15_2020-EX-4.25-SERVICES AGREEMENT.txt.json	https://www.law.cornell.edu/wex/contract	OK
2025-04-13T00:52:57.358051	structuralFlaws_legal/perturbed_ABILITYINC_06_15_2020-EX-4.25-SERVICES AGREEMENT.txt.json	https://www.law.cornell.edu/wex/contract	OK
2025-04-13T00:52:57.944210	structuralFlaws_legal/perturbed_AFSALABANCORPINC_08_01_1996-EX-1.1-AGENCY AGREEMENT.txt.json	https://www.law.cornell.edu/cfr/text/17/240.15c2-4	OK
2025-04-13T00:52:58.642129	structuralFlaws_legal/perturbed_AFSALABANCORPINC_08_01_1996-EX-1.1-AGENCY AGREEMENT.txt.json	https://www.law.cornell.edu/wex/choice_of_law	ERROR: HTTPError – 404 Client Error: Not Found for url: https://www.law.cornell.edu/wex/choice_of_law
2025-04-13T00:52:59.353602	structuralFlaws_legal/perturbed_AFSALABANCORPINC_08_01_1996-EX-1.1-AGENCY AGREEMENT.txt.json	https://www.law.cornell.edu/topn/securities_act_of_1933	OK
2025-04-13T00:52:59.973806	structuralFlaws_legal/perturbed_AIRTECHINTERNATIONALGROUPINC_05_08_2000-EX-10.4-FRANCHISE AGREEMENT.txt.json	https://www.law.cornell.edu/uscode/text/28/1404	OK
2025-04-13T00:53:01.239058	structuralFlaws_legal/perturbed_AIRTECHINTERNATIONALGROUPINC_05_08_2000-EX-10.4-FRANCHISE AGREEMENT.txt.json	https://law.justia.com/constitution/us/topic-6-judiciary/217-law-applied-in-federal-courts.html	ERROR: HTTPError – 404 Client Error: Not Found for url: https://law.justia.com/constitution/us/topic-6-judiciary/217-law-applied-in-federal-courts.html
2025-04-13T00:53:01.815975	structuralFlaws_legal/perturbed_AIRTECHINTERNATIONALGROUPINC_05_08_2000-EX-10.4-FRANCHISE AGREEMENT.txt.json	https://statutes.capitol.texas.gov/Docs/CP/htm/CP.38.htm	OK
2025-04-13T00:53:02.489927	structuralFlaws_legal/perturbed_AlliedEsportsEntertainmentInc_20190815_8-K_EX-10.34_11788308_EX-10.34_Sponsorship Agreement.txt.json	https://www.law.cornell.edu/topn/arbitration	ERROR: HTTPError – 404 Client Error: Not Found for url: https://www.law.cornell.edu/topn/arbitration
2025-04-13T00:53:03.220348	misaligned_terminology_legal/perturbed_DOMINIADVISORTRUST_02_18_2005-EX-99.(H)(2)-SPONSORSHIPAGREEMENT.txt.json	https://www.justice.gov/atr/sherman-act	ERROR: HTTPError – 404 Client Error: Not Found for url: https://www.justice.gov/atr/sherman-act
2025-04-13T00:53:03.802732	misaligned_terminology_legal/perturbed_DOMINIADVISORTRUST_02_18_2005-EX-99.(H)(2)-SPONSORSHIPAGREEMENT.txt.json	https://www.law.cornell.edu/wex/unconscionability	OK
2025-04-13T00:53:04.425839	misaligned_terminology_legal/perturbed_DOMINIADVISORTRUST_02_18_2005-EX-99.(H)(2)-SPONSORSHIPAGREEMENT.txt.json	https://www.law.cornell.edu/topn/investment_company_act_of_1940	OK
2025-04-13T00:53:05.120973	misaligned_terminology_legal/perturbed_PACIRAPHARMACEUTICALS,INC.-A_RSTRATEGICLICENSING,DISTRIBUTIONANDMARKETINGAGREEMENT.txt.json	https://www.law.cornell.edu/cfr/text/17/230.405	OK
2025-04-13T00:53:05.793035	misaligned_terminology_legal/perturbed_PACIRAPHARMACEUTICALS,INC.-A_RSTRATEGICLICENSING,DISTRIBUTIONANDMARKETINGAGREEMENT.txt.json	https://www.fda.gov/regulatory-information/federal-food-drug-and-cosmetic-act	ERROR: HTTPError – 404 Client Error: Not Found for url: https://www.fda.gov/regulatory-information/federal-food-drug-and-cosmetic-act
2025-04-13T00:53:06.955550	misaligned_terminology_legal/perturbed_PACIRAPHARMACEUTICALS,INC.-A_RSTRATEGICLICENSING,DISTRIBUTIONANDMARKETINGAGREEMENT.txt.json	https://www.uniformlaws.org/acts/utsa	OK
2025-04-13T00:53:07.621983	misaligned_terminology_legal/perturbed_IntegrityFunds_20200121_485BPOS_EX-99.EUNDRCONTR_11948727_EX-99.EUNDRCONTR_ServiceAgreement.txt.json	https://www.law.cornell.edu/topn/employee_vs_independent_contractor	ERROR: HTTPError – 404 Client Error: Not Found for url: https://www.law.cornell.edu/topn/employee_vs_independent_contractor
2025-04-13T00:53:08.585040	misaligned_terminology_legal/perturbed_IntegrityFunds_20200121_485BPOS_EX-99.EUNDRCONTR_11948727_EX-99.EUNDRCONTR_ServiceAgreement.txt.json	https://delcode.delaware.gov/title8/c001/	OK
2025-04-13T00:53:09.527250	misaligned_terminology_legal/perturbed_IntegrityFunds_20200121_485BPOS_EX-99.EUNDRCONTR_11948727_EX-99.EUNDRCONTR_ServiceAgreement.txt.json	https://uscode.house.gov/view.xhtml?req=granuleid%3AUSC-prelim-title15-chapter2D-section80a-15&edition=prelim	OK
2025-04-13T00:53:10.119503	misaligned_terminology_legal/perturbed_VEONEER,INC_02_21_2020-EX-10.11-JOINTVENTUREAGREEMENT.txt.json	https://www.law.cornell.edu/wex/contract	OK
2025-04-13T00:53:10.715967	misaligned_terminology_legal/perturbed_VEONEER,INC_02_21_2020-EX-10.11-JOINTVENTUREAGREEMENT.txt.json	https://www.law.cornell.edu/wex/waiver	OK
2025-04-13T00:53:11.432191	misaligned_terminology_legal/perturbed_VEONEER,INC_02_21_2020-EX-10.11-JOINTVENTUREAGREEMENT.txt.json	https://www.law.cornell.edu/wex/termination_of_contract	ERROR: HTTPError – 404 Client Error: Not Found for url: https://www.law.cornell.edu/wex/termination_of_contract
2025-04-13T00:53:12.049632	misaligned_terminology_legal/perturbed_ADAMSGOLFINC_03_21_2005-EX-10.17-ENDORSEMENTAGREEMENT.txt.json	https://www.law.cornell.edu/uscode/text/15/1114	OK
2025-04-13T00:53:12.635141	misaligned_terminology_legal/perturbed_ADAMSGOLFINC_03_21_2005-EX-10.17-ENDORSEMENTAGREEMENT.txt.json	https://www.law.cornell.edu/wex/good_faith	OK
2025-04-13T00:53:13.236203	misaligned_terminology_legal/perturbed_ADAMSGOLFINC_03_21_2005-EX-10.17-ENDORSEMENTAGREEMENT.txt.json	https://www.law.cornell.edu/wex/frustration_of_purpose	OK
2025-04-13T00:53:13.996077	misaligned_terminology_legal/perturbed_INTRICONCORP_03_10_2009-EX-10.22-StrategicAllianceAgreement.txt.json	https://www.fda.gov/regulatory-information/federal-food-drug-and-cosmetic-act	ERROR: HTTPError – 404 Client Error: Not Found for url: https://www.fda.gov/regulatory-information/federal-food-drug-and-cosmetic-act
2025-04-13T00:53:14.748606	misaligned_terminology_legal/perturbed_INTRICONCORP_03_10_2009-EX-10.22-StrategicAllianceAgreement.txt.json	https://www.uniformlaws.org/acts/utsa	OK
2025-04-13T00:53:15.565413	misaligned_terminology_legal/perturbed_INTRICONCORP_03_10_2009-EX-10.22-StrategicAllianceAgreement.txt.json	https://www.legislation.gov.au/Details/C2023C00273	ERROR: HTTPError – 403 Client Error: Forbidden for url: https://www.legislation.gov.au/Details/C2023C00273
2025-04-13T00:53:16.323165	misaligned_terminology_legal/perturbed_PfHospitalityGroupInc_20150923_10-12G_EX-10.1_9266710_EX-10.1_FranchiseAgreement3.txt.json	https://www.uniformlaws.org/acts/utsa	OK
2025-04-13T00:53:17.347007	misaligned_terminology_legal/perturbed_PfHospitalityGroupInc_20150923_10-12G_EX-10.1_9266710_EX-10.1_FranchiseAgreement3.txt.json	https://leginfo.legislature.ca.gov/faces/codes_displaySection.xhtml?lawCode=BPC&sectionNum=16600	OK
2025-04-13T00:53:18.447263	misaligned_terminology_legal/perturbed_PfHospitalityGroupInc_20150923_10-12G_EX-10.1_9266710_EX-10.1_FranchiseAgreement3.txt.json	https://law.justia.com/restatements/contracts/section-208.html	ERROR: HTTPError – 404 Client Error: Not Found for url: https://law.justia.com/restatements/contracts/section-208.html
2025-04-13T00:53:19.114791	misaligned_terminology_legal/perturbed_PREMIERBIOMEDICALINC_05_14_2020-EX-10.2-INTELLECTUALPROPERTYAGREEMENT.txt.json	https://www.law.cornell.edu/topn/patentable_subject_matter	ERROR: HTTPError – 404 Client Error: Not Found for url: https://www.law.cornell.edu/topn/patentable_subject_matter
2025-04-13T00:53:19.887403	misaligned_terminology_legal/perturbed_PREMIERBIOMEDICALINC_05_14_2020-EX-10.2-INTELLECTUALPROPERTYAGREEMENT.txt.json	https://www.uniformlaws.org/acts/utsa	OK
2025-04-13T00:53:20.908467	misaligned_terminology_legal/perturbed_PREMIERBIOMEDICALINC_05_14_2020-EX-10.2-INTELLECTUALPROPERTYAGREEMENT.txt.json	https://www.fasb.org/summary/asc606.shtml	ERROR: HTTPError – 403 Client Error: Forbidden for url: https://www.fasb.org/summary/asc606.shtml
2025-04-13T00:53:21.574644	misaligned_terminology_legal/perturbed_FTENETWORKS,INC_02_18_2016-EX-99.4-STRATEGICALLIANCEAGREEMENT.txt.json	https://www.law.cornell.edu/topn/employee	ERROR: HTTPError – 404 Client Error: Not Found for url: https://www.law.cornell.edu/topn/employee
2025-04-13T00:53:22.466599	misaligned_terminology_legal/perturbed_FTENETWORKS,INC_02_18_2016-EX-99.4-STRATEGICALLIANCEAGREEMENT.txt.json	https://statutes.capitol.texas.gov/Docs/PR/htm/PR.53.htm	OK
2025-04-13T00:53:23.016260	misaligned_terminology_legal/perturbed_FTENETWORKS,INC_02_18_2016-EX-99.4-STRATEGICALLIANCEAGREEMENT.txt.json	https://statutes.capitol.texas.gov/Docs/ES/htm/ES.101.htm	OK
2025-04-13T00:53:23.884851	misaligned_terminology_legal/perturbed_ThriventVariableInsuranceAccountB_20190701_N-6_EX-99.D(IV)_11720968_EX-99.D(IV)_EndorsementAgreement.txt.json	https://docs.legis.wisconsin.gov/statutes/statutes/611/39	ERROR: HTTPError – 404 Client Error: Not Found for url: https://docs.legis.wisconsin.gov/statutes/statutes/611/39
2025-04-13T00:53:24.566953	misaligned_terminology_legal/perturbed_ThriventVariableInsuranceAccountB_20190701_N-6_EX-99.D(IV)_11720968_EX-99.D(IV)_EndorsementAgreement.txt.json	https://docs.legis.wisconsin.gov/statutes/statutes/614/04	ERROR: HTTPError – 404 Client Error: Not Found for url: https://docs.legis.wisconsin.gov/statutes/statutes/614/04
2025-04-13T00:53:25.181677	misaligned_terminology_legal/perturbed_NELNETINC_04_08_2020-EX-1-JOINTFILINGAGREEMENT.txt.json	https://www.law.cornell.edu/cfr/text/17/240.13d-1	OK
2025-04-13T00:53:25.878099	misaligned_terminology_legal/perturbed_NELNETINC_04_08_2020-EX-1-JOINTFILINGAGREEMENT.txt.json	https://www.law.cornell.edu/topn/securities_exchange_act_of_1934_section_13d	ERROR: HTTPError – 404 Client Error: Not Found for url: https://www.law.cornell.edu/topn/securities_exchange_act_of_1934_section_13d
2025-04-13T00:53:26.612242	misaligned_terminology_legal/perturbed_ON2TECHNOLOGIES,INC_11_17_2006-EX-10.3-SUPPORTANDMAINTENANCEAGREEMENT.txt.json	https://www.uniformlaws.org/HigherLogic/System/DownloadDocumentFile.ashx?DocumentFileKey=a3a5c939-687f-47e9-8119-f401064f0125&forceDialog=0	ERROR: HTTPError – 404 Client Error: Not Found for url: https://www.uniformlaws.org/HigherLogic/System/DownloadDocumentFile.ashx?DocumentFileKey=a3a5c939-687f-47e9-8119-f401064f0125&forceDialog=0
2025-04-13T00:53:27.668147	misaligned_terminology_legal/perturbed_ON2TECHNOLOGIES,INC_11_17_2006-EX-10.3-SUPPORTANDMAINTENANCEAGREEMENT.txt.json	https://www.copyright.gov/title17/92chap2.html	OK
2025-04-13T00:53:28.318998	misaligned_terminology_legal/perturbed_ON2TECHNOLOGIES,INC_11_17_2006-EX-10.3-SUPPORTANDMAINTENANCEAGREEMENT.txt.json	https://www.law.cornell.edu/ucc/2/2-314	OK
2025-04-13T00:53:29.575200	misaligned_terminology_legal/perturbed_MetLife,Inc.-RemarketingAgreement.txt.json	https://www.nysenate.gov/legislation/laws/GCN/24	OK
2025-04-13T00:53:30.166505	misaligned_terminology_legal/perturbed_MetLife,Inc.-RemarketingAgreement.txt.json	https://www.law.cornell.edu/ucc/1/1-304	OK
2025-04-13T00:53:32.490101	misaligned_terminology_legal/perturbed_MetLife,Inc.-RemarketingAgreement.txt.json	https://law.justia.com/codes/restatement/second/conflict-of-laws/law-applicable-to-contracts/topic-2/187/.	ERROR: HTTPError – 404 Client Error: Not Found for url: https://law.justia.com/codes/restatement
2025-04-13T00:53:33.374970	misaligned_terminology_legal/perturbed_DovaPharmaceuticalsInc_20181108_10-Q_EX-10.2_11414857_EX-10.2_PromotionAgreement.txt.json	https://www.dol.gov/agencies/whd/flsa	OK
2025-04-13T00:53:34.490638	misaligned_terminology_legal/perturbed_DovaPharmaceuticalsInc_20181108_10-Q_EX-10.2_11414857_EX-10.2_PromotionAgreement.txt.json	https://www.govinfo.gov/content/pkg/USCODE-2010-title42/html/USCODE-2010-title42-chap7-subchapXVIII-partD-sec1395w-27.htm	OK
2025-04-13T00:53:35.082690	misaligned_terminology_legal/perturbed_DovaPharmaceuticalsInc_20181108_10-Q_EX-10.2_11414857_EX-10.2_PromotionAgreement.txt.json	https://www.law.cornell.edu/wex/contract	OK
2025-04-13T00:53:35.808921	misaligned_terminology_legal/perturbed_KIROMICBIOPHARMA,INC_05_11_2020-EX-10.23-CONSULTINGAGREEMENT.txt.json	https://www.irs.gov/publications/p15a	OK
2025-04-13T00:53:36.378939	misaligned_terminology_legal/perturbed_KIROMICBIOPHARMA,INC_05_11_2020-EX-10.23-CONSULTINGAGREEMENT.txt.json	https://statutes.capitol.texas.gov/Docs/BC/htm/BC.1.htm	OK
2025-04-13T00:53:37.049637	misaligned_terminology_legal/perturbed_KIROMICBIOPHARMA,INC_05_11_2020-EX-10.23-CONSULTINGAGREEMENT.txt.json	https://www.law.cornell.edu/topn/arbitration	ERROR: HTTPError – 404 Client Error: Not Found for url: https://www.law.cornell.edu/topn/arbitration
2025-04-13T00:53:37.816762	misaligned_terminology_legal/perturbed_WHITESMOKE,INC_11_08_2011-EX-10.26-PROMOTIONANDDISTRIBUTIONAGREEMENT.txt.json	https://www.govinfo.gov/content/pkg/USCODE-2011-title15/html/USCODE-2011-title15-chap96.htm	OK
2025-04-13T00:53:38.432332	misaligned_terminology_legal/perturbed_WHITESMOKE,INC_11_08_2011-EX-10.26-PROMOTIONANDDISTRIBUTIONAGREEMENT.txt.json	https://www.law.cornell.edu/topn/digital_millennium_copyright_act	OK
2025-04-13T00:53:39.134926	misaligned_terminology_legal/perturbed_WHITESMOKE,INC_11_08_2011-EX-10.26-PROMOTIONANDDISTRIBUTIONAGREEMENT.txt.json	https://www.govinfo.gov/content/pkg/COMPS-341/pdf/COMPS-341.pdf	OK
2025-04-13T00:53:40.118001	misaligned_terminology_legal/perturbed_LIMEENERGYCO_09_09_1999-EX-10-DISTRIBUTORAGREEMENT.txt.json	http://www.ilga.gov/legislation/ilcs/ilcs3.asp?ActID=67&ChapterID=2	OK
2025-04-13T00:53:40.723224	misaligned_terminology_legal/perturbed_LIMEENERGYCO_09_09_1999-EX-10-DISTRIBUTORAGREEMENT.txt.json	https://www.ilga.gov/	OK
2025-04-13T00:53:41.506693	misaligned_terminology_legal/perturbed_LIMEENERGYCO_09_09_1999-EX-10-DISTRIBUTORAGREEMENT.txt.json	http://www.ilga.gov/legislation/ilcs/ilcs3.asp?ActID=2369&ChapterID=67	OK
2025-04-13T00:53:42.200160	misaligned_terminology_legal/perturbed_LohaCompanyltd_20191209_F-1_EX-10.16_11917878_EX-10.16_SupplyAgreement.txt.json	https://www.law.cornell.edu/ucc/2/204	ERROR: HTTPError – 404 Client Error: Not Found for url: https://www.law.cornell.edu/ucc/2/204
2025-04-13T00:53:42.723885	misaligned_terminology_legal/perturbed_LohaCompanyltd_20191209_F-1_EX-10.16_11917878_EX-10.16_SupplyAgreement.txt.json	https://www.cisg.law.pace.edu/cisg/text/e-text-6.html	"ERROR: ConnectionError – HTTPSConnectionPool(host='www.cisg.law.pace.edu', port=443): Max retries exceeded with url: /cisg/text/e-text-6.html (Caused by NameResolutionError(""<urllib3.connection.HTTPSConnection object at 0x1163bf310>: Failed to resolve 'www.cisg.law.pace.edu' ([Errno 8] nodename nor servname provided, or not known)""))"
2025-04-13T00:53:44.193982	misaligned_terminology_legal/perturbed_LohaCompanyltd_20191209_F-1_EX-10.16_11917878_EX-10.16_SupplyAgreement.txt.json	https://law.justia.com/constitution/us/topic-index/conflict-of-laws.html	ERROR: HTTPError – 404 Client Error: Not Found for url: https://law.justia.com/constitution/us/topic-index/conflict-of-laws.html
2025-04-13T00:53:44.864976	misaligned_terminology_legal/perturbed_CerenceInc_20191002_8-K_EX-10.4_11827494_EX-10.4_IntellectualPropertyAgreement.txt.json	https://www.law.cornell.edu/topn/trade_secrets	ERROR: HTTPError – 404 Client Error: Not Found for url: https://www.law.cornell.edu/topn/trade_secrets
2025-04-13T00:53:45.466893	misaligned_terminology_legal/perturbed_CerenceInc_20191002_8-K_EX-10.4_11827494_EX-10.4_IntellectualPropertyAgreement.txt.json	https://www.law.cornell.edu/wex/consideration	OK
2025-04-13T00:53:46.145242	misaligned_terminology_legal/perturbed_CerenceInc_20191002_8-K_EX-10.4_11827494_EX-10.4_IntellectualPropertyAgreement.txt.json	https://www.law.cornell.edu/topn/copyright	ERROR: HTTPError – 404 Client Error: Not Found for url: https://www.law.cornell.edu/topn/copyright
2025-04-13T00:53:46.763902	misaligned_terminology_legal/.ipynb_checkpoints/perturbed_ADAMSGOLFINC_03_21_2005-EX-10.17-ENDORSEMENTAGREEMENT.txt-checkpoint.json	https://www.law.cornell.edu/uscode/text/15/1114	OK
2025-04-13T00:53:47.387411	misaligned_terminology_legal/.ipynb_checkpoints/perturbed_ADAMSGOLFINC_03_21_2005-EX-10.17-ENDORSEMENTAGREEMENT.txt-checkpoint.json	https://www.law.cornell.edu/wex/good_faith	OK
2025-04-13T00:53:48.015887	misaligned_terminology_legal/.ipynb_checkpoints/perturbed_ADAMSGOLFINC_03_21_2005-EX-10.17-ENDORSEMENTAGREEMENT.txt-checkpoint.json	https://www.law.cornell.edu/wex/frustration_of_purpose	OK
2025-04-13T00:53:49.030071	misaligned_terminology_legal/.ipynb_checkpoints/perturbed_PfHospitalityGroupInc_20150923_10-12G_EX-10.1_9266710_EX-10.1_FranchiseAgreement3.txt-checkpoint.json	https://www.uniformlaws.org/acts/utsa	OK
2025-04-13T00:53:50.116077	misaligned_terminology_legal/.ipynb_checkpoints/perturbed_PfHospitalityGroupInc_20150923_10-12G_EX-10.1_9266710_EX-10.1_FranchiseAgreement3.txt-checkpoint.json	https://leginfo.legislature.ca.gov/faces/codes_displaySection.xhtml?lawCode=BPC&sectionNum=16600	OK
2025-04-13T00:53:51.269349	misaligned_terminology_legal/.ipynb_checkpoints/perturbed_PfHospitalityGroupInc_20150923_10-12G_EX-10.1_9266710_EX-10.1_FranchiseAgreement3.txt-checkpoint.json	https://law.justia.com/restatements/contracts/section-208.html	ERROR: HTTPError – 404 Client Error: Not Found for url: https://law.justia.com/restatements/contracts/section-208.html
2025-04-13T00:53:51.864690	omissions_legal/perturbed_ACCURAYINC_09_01_2010-EX-10.31-DISTRIBUTOR AGREEMENT.txt.json	https://www.law.cornell.edu/uscode/text/15/2308	OK
2025-04-13T00:53:52.878963	omissions_legal/perturbed_ACCURAYINC_09_01_2010-EX-10.31-DISTRIBUTOR AGREEMENT.txt.json	https://www.accessdata.fda.gov/scripts/cdrh/cfdocs/cfcfr/cfrsearch.cfm?fr=820.198	OK
2025-04-13T00:53:53.694532	omissions_legal/perturbed_ACCURAYINC_09_01_2010-EX-10.31-DISTRIBUTOR AGREEMENT.txt.json	https://www.accessdata.fda.gov/scripts/cdrh/cfdocs/cfcfr/cfrsearch.cfm?fr=820.100, https://www.nist.gov/cyberframework	OK
2025-04-13T00:53:57.211796	omissions_legal/perturbed_ADAMSGOLFINC_03_21_2005-EX-10.17-ENDORSEMENT AGREEMENT.txt.json	http://kslegislature.org/li_2024/b2023_24/statute/050_000_0000_chapter/050_006_0000_article/050_006_0023_section/050_006_0023_k/	OK
2025-04-13T00:54:07.604097	omissions_legal/perturbed_ADAMSGOLFINC_03_21_2005-EX-10.17-ENDORSEMENT AGREEMENT.txt.json	https://law.justia.com/cases/kansas/supreme-court/1987/60-006-1.html	ERROR: HTTPError – 404 Client Error: Not Found for url: https://law.justia.com/cases/kansas/supreme-court/1987/60-006.html
2025-04-13T00:54:10.626719	omissions_legal/perturbed_ADAMSGOLFINC_03_21_2005-EX-10.17-ENDORSEMENT AGREEMENT.txt.json	http://kslegislature.org/li_2024/b2023_24/statute/005_000_0000_chapter/005_004_0000_article/005_004_0001_section/005_004_0001_k/	ERROR: HTTPError – 404 Client Error: Not Found for url: https://kslegislature.gov/li_2024/b2023_24/statute/005_000_0000_chapter/005_004_0000_article/005_004_0001_section/005_004_0001_k/
2025-04-13T00:54:11.240393	omissions_legal/perturbed_ALCOSTORESINC_12_14_2005-EX-10.26-AGENCY AGREEMENT.txt.json	https://www.law.cornell.edu/wex/agency	OK
2025-04-13T00:54:11.848097	omissions_legal/perturbed_ALCOSTORESINC_12_14_2005-EX-10.26-AGENCY AGREEMENT.txt.json	https://www.law.cornell.edu/wex/agency	OK
2025-04-13T00:54:12.455762	omissions_legal/perturbed_ALCOSTORESINC_12_14_2005-EX-10.26-AGENCY AGREEMENT.txt.json	https://www.law.cornell.edu/ucc/1/1-304	OK
2025-04-13T00:54:13.576794	omissions_legal/perturbed_2ThemartComInc_19990826_10-12G_EX-10.10_6700288_EX-10.10_Co-Branding Agreement_ Agency Agreement.txt.json	https://leginfo.legislature.ca.gov/faces/codes_displaySection.xhtml?lawCode=FIN&sectionNum=17202	OK
2025-04-13T00:54:14.323051	omissions_legal/perturbed_2ThemartComInc_19990826_10-12G_EX-10.10_6700288_EX-10.10_Co-Branding Agreement_ Agency Agreement.txt.json	https://leginfo.legislature.ca.gov/faces/codes_displaySection.xhtml?lawCode=COM&sectionNum=2314	OK
2025-04-13T00:54:15.078047	omissions_legal/perturbed_2ThemartComInc_19990826_10-12G_EX-10.10_6700288_EX-10.10_Co-Branding Agreement_ Agency Agreement.txt.json	https://leginfo.legislature.ca.gov/faces/codes_displaySection.xhtml?lawCode=CIV&sectionNum=1714	OK
2025-04-13T00:54:16.416943	omissions_legal/perturbed_AimmuneTherapeuticsInc_20200205_8-K_EX-10.3_11967170_EX-10.3_Development Agreement.txt.json	https://www.ecfr.gov/current/title-21/chapter-I/subchapter-F/part-600/section-600.14	OK
2025-04-13T00:54:17.079773	omissions_legal/perturbed_AimmuneTherapeuticsInc_20200205_8-K_EX-10.3_11967170_EX-10.3_Development Agreement.txt.json	https://www.justice.gov/criminal-fraud/foreign-corrupt-practices-act	OK
2025-04-13T00:54:18.033059	omissions_legal/perturbed_AimmuneTherapeuticsInc_20200205_8-K_EX-10.3_11967170_EX-10.3_Development Agreement.txt.json	https://leginfo.legislature.ca.gov/faces/codes_displaySection.xhtml?lawCode=COM&sectionNum=1304	OK
2025-04-13T00:54:18.649352	omissions_legal/perturbed_ADMA BioManufacturing, LLC -  Amendment #3 to Manufacturing Agreement .txt.json	http://www.leg.state.fl.us/statutes/index.cfm?App_mode=Display_Statute&URL=0600-0699/0672/0672CONTENTS/frame672CONTENTS.html	OK
2025-04-13T00:54:19.915168	omissions_legal/perturbed_ADMA BioManufacturing, LLC -  Amendment #3 to Manufacturing Agreement .txt.json	https://www.lexology.com/library/detail.aspx?g=ca940d96-51e4-4457-a74c-3e341e984690	ERROR: HTTPError – 404 Client Error: Not Found for url: https://www.lexology.com/library/detail.aspx?g=ca940d96-51e4-4457-a74c-3e341e984690
2025-04-13T00:54:27.212481	omissions_legal/perturbed_ADMA BioManufacturing, LLC -  Amendment #3 to Manufacturing Agreement .txt.json	https://law.justia.com/cases/florida/supreme-court/1991/76661-0.html	ERROR: HTTPError – 404 Client Error: Not Found for url: https://law.justia.com/cases/florida/supreme-court/1991/76661.html
2025-04-13T00:54:28.214829	omissions_legal/perturbed_AIRSPANNETWORKSINC_04_11_2000-EX-10.5-Distributor Agreement.txt.json	https://sdlegislature.gov/Statutes/Codified_Laws/DisplayStatute.aspx?Type=Statute&Statute=57A-2-314	OK
2025-04-13T00:54:28.974906	omissions_legal/perturbed_AIRSPANNETWORKSINC_04_11_2000-EX-10.5-Distributor Agreement.txt.json	https://sdlegislature.gov/Statutes/Codified_Laws/DisplayStatute.aspx?Type=Statute&Statute=57A-2-319	OK
2025-04-13T00:54:29.634852	omissions_legal/perturbed_AIRSPANNETWORKSINC_04_11_2000-EX-10.5-Distributor Agreement.txt.json	https://sdlegislature.gov/Statutes/Codified_Laws/DisplayStatute.aspx?Type=Statute&Statute=57A-1-304	OK
2025-04-13T00:54:30.375369	omissions_legal/perturbed_ADAPTIMMUNETHERAPEUTICSPLC_04_06_2017-EX-10.11-STRATEGIC ALLIANCE AGREEMENT.txt.json	https://www.hhs.gov/hipaa/for-professionals/privacy/index.html	ERROR: HTTPError – 403 Client Error: Forbidden for url: https://www.hhs.gov/hipaa/for-professionals/privacy/index.html
2025-04-13T00:54:31.043358	omissions_legal/perturbed_ADAPTIMMUNETHERAPEUTICSPLC_04_06_2017-EX-10.11-STRATEGIC ALLIANCE AGREEMENT.txt.json	https://www.ecfr.gov/current/title-21/chapter-I/subchapter-A/part-50	OK
2025-04-13T00:54:31.837555	omissions_legal/perturbed_ADAPTIMMUNETHERAPEUTICSPLC_04_06_2017-EX-10.11-STRATEGIC ALLIANCE AGREEMENT.txt.json	https://www.law.cornell.edu/topn/adulterated%20drugs	ERROR: HTTPError – 404 Client Error: Not Found for url: https://www.law.cornell.edu/topn/adulterated%20drugs
2025-04-13T00:54:32.858393	omissions_legal/perturbed_ADUROBIOTECH,INC_06_02_2020-EX-10.7-CONSULTING AGREEMENT.txt.json	https://leginfo.legislature.ca.gov/faces/codes_displaySection.xhtml?lawCode=LAB&sectionNum=2870	OK
2025-04-13T00:54:33.623126	omissions_legal/perturbed_ADUROBIOTECH,INC_06_02_2020-EX-10.7-CONSULTING AGREEMENT.txt.json	https://leginfo.legislature.ca.gov/faces/codes_displaySection.xhtml?lawCode=CCP&sectionNum=410.42	OK
2025-04-13T00:54:34.474318	omissions_legal/perturbed_ADUROBIOTECH,INC_06_02_2020-EX-10.7-CONSULTING AGREEMENT.txt.json	https://leginfo.legislature.ca.gov/faces/codes_displaySection.xhtml?lawCode=BPC&sectionNum=17200	OK
2025-04-13T00:54:35.368804	omissions_legal/perturbed_AlliedEsportsEntertainmentInc_20190815_8-K_EX-10.19_11788293_EX-10.19_Content License Agreement.txt.json	https://www.law.cornell.edu/topn/information.php?node_id=334061	ERROR: HTTPError – 404 Client Error: Not Found for url: https://www.law.cornell.edu/topn/information.php?node_id=334061
2025-04-13T00:54:35.968726	omissions_legal/perturbed_AlliedEsportsEntertainmentInc_20190815_8-K_EX-10.19_11788293_EX-10.19_Content License Agreement.txt.json	https://www.law.cornell.edu/wex/good_faith	OK
2025-04-13T00:54:36.557859	omissions_legal/perturbed_AlliedEsportsEntertainmentInc_20190815_8-K_EX-10.19_11788293_EX-10.19_Content License Agreement.txt.json	https://www.law.cornell.edu/wex/restitution	OK
2025-04-13T00:54:37.652103	omissions_legal/perturbed_ACCELERATEDTECHNOLOGIESHOLDINGCORP_04_24_2003-EX-10.13-JOINT VENTURE AGREEMENT.txt.json	https://www.legis.state.pa.us/WU0/LI/LI/CT/HTM/40/00.009.009..HTM	OK
2025-04-13T00:54:38.316479	omissions_legal/perturbed_ACCELERATEDTECHNOLOGIESHOLDINGCORP_04_24_2003-EX-10.13-JOINT VENTURE AGREEMENT.txt.json	https://www.legis.state.pa.us/WU0/LI/LI/CT/HTM/15/00.015..HTM	OK
2025-04-13T00:54:40.166419	omissions_legal/perturbed_ACCELERATEDTECHNOLOGIESHOLDINGCORP_04_24_2003-EX-10.13-JOINT VENTURE AGREEMENT.txt.json	https://www.attorneygeneral.gov/wp-content/uploads/2018/01/consumer-protection-law.pdf	ERROR: HTTPError – 404 Client Error: Not Found for url: https://www.attorneygeneral.gov/wp-content/uploads/2018/01/consumer-protection-law.pdf
2025-04-13T00:54:41.512702	omissions_legal/perturbed_ALLIANCEBANCORPINCOFPENNSYLVANIA_10_18_2006-EX-1.2-AGENCY AGREEMENT.txt.json	https://www.fdic.gov/resources/regulations/laws/federaldepositinsuranceact/	ERROR: HTTPError – 404 Client Error: Not Found for url: https://www.fdic.gov/resources/regulations/laws/federaldepositinsuranceact/
2025-04-13T00:54:42.176912	omissions_legal/perturbed_ALLIANCEBANCORPINCOFPENNSYLVANIA_10_18_2006-EX-1.2-AGENCY AGREEMENT.txt.json	https://www.sec.gov/oiea/investor-alerts-bulletins/ib_crowdfunding.html	ERROR: HTTPError – 403 Client Error: Forbidden for url: https://www.sec.gov/oiea/investor-alerts-bulletins/ib_crowdfunding.html
2025-04-13T00:54:42.812284	omissions_legal/perturbed_ALLIANCEBANCORPINCOFPENNSYLVANIA_10_18_2006-EX-1.2-AGENCY AGREEMENT.txt.json	https://www.law.cornell.edu/topn/securities_exchange_act_of_1934	OK
2025-04-13T00:54:44.146091	omissions_legal/perturbed_ALAMOGORDOFINANCIALCORP_12_16_1999-EX-1-AGENCY AGREEMENT.txt.json	https://www.fdic.gov/resources/regulations/laws/federal/index.html	ERROR: HTTPError – 404 Client Error: Not Found for url: https://www.fdic.gov/resources/regulations/laws/federal/index.html
2025-04-13T00:54:44.787362	omissions_legal/perturbed_ALAMOGORDOFINANCIALCORP_12_16_1999-EX-1-AGENCY AGREEMENT.txt.json	https://www.sec.gov/about/laws/sea34.pdf	ERROR: HTTPError – 403 Client Error: Forbidden for url: https://www.sec.gov/about/laws/sea34.pdf
2025-04-13T00:54:45.970805	omissions_legal/perturbed_ALAMOGORDOFINANCIALCORP_12_16_1999-EX-1-AGENCY AGREEMENT.txt.json	https://www.finra.org/rules-guidance/rulebooks/finra-rules/2310	OK
2025-04-13T00:54:47.172023	omissions_legal/perturbed_ADUROBIOTECH,INC_06_02_2020-EX-10.7-CONSULTING AGREEMENT(1).txt.json	https://leginfo.legislature.ca.gov/faces/codes_displayText.xhtml?lawCode=CIV&division=4.&title=5.&part=1.&chapter=5.&article=	OK
2025-04-13T00:54:47.922009	omissions_legal/perturbed_ADUROBIOTECH,INC_06_02_2020-EX-10.7-CONSULTING AGREEMENT(1).txt.json	https://leginfo.legislature.ca.gov/faces/codes_displaySection.xhtml?lawCode=LAB&sectionNum=2802	OK
2025-04-13T00:54:48.715597	omissions_legal/perturbed_ADUROBIOTECH,INC_06_02_2020-EX-10.7-CONSULTING AGREEMENT(1).txt.json	https://www.law.cornell.edu/topn/insider_trading	ERROR: HTTPError – 404 Client Error: Not Found for url: https://www.law.cornell.edu/topn/insider_trading
2025-04-13T00:54:49.552901	omissions_legal/perturbed_ADIANUTRITION,INC_04_01_2005-EX-10.D2-RESELLER AGREEMENT.txt.json	https://leginfo.legislature.ca.gov/faces/codes_displaySection.xhtml?lawCode=BPC&sectionNum=17200	OK
2025-04-13T00:54:50.295726	omissions_legal/perturbed_ADIANUTRITION,INC_04_01_2005-EX-10.D2-RESELLER AGREEMENT.txt.json	https://leginfo.legislature.ca.gov/faces/codes_displaySection.xhtml?lawCode=COM&sectionNum=2314	OK
2025-04-13T00:54:52.325750	omissions_legal/perturbed_ADIANUTRITION,INC_04_01_2005-EX-10.D2-RESELLER AGREEMENT.txt.json	https://app.leg.wa.gov/RCW/default.aspx?cite=19.86	OK
2025-04-13T00:55:02.026082	omissions_legal/perturbed_AgapeAtpCorp_20191202_10-KA_EX-10.1_11911128_EX-10.1_Supply Agreement.txt.json	https://vanuatu.justlawlinks.com/legislation/acts/LabourAct_CAP160.pdf	EMPTY
2025-04-13T00:55:05.433676	omissions_legal/perturbed_AgapeAtpCorp_20191202_10-KA_EX-10.1_11911128_EX-10.1_Supply Agreement.txt.json	https://www.elegislation.gov.hk/hk/cap26!en	OK
2025-04-13T00:55:06.791709	omissions_legal/perturbed_AgapeAtpCorp_20191202_10-KA_EX-10.1_11911128_EX-10.1_Supply Agreement.txt.json	https://www.legislation.gov.uk/ukpga/1996/23/section/45	OK
2025-04-13T00:55:08.863666	omissions_legal/perturbed_ABILITYINC_06_15_2020-EX-4.25-SERVICES AGREEMENT.txt.json	https://www.nevo.co.il/en/law_html/law_01/004.htm	ERROR: HTTPError – 403 Client Error: Forbidden for url: https://www.nevo.co.il/en/law_html/law_01/004.htm
2025-04-13T00:55:12.026237	omissions_legal/perturbed_ABILITYINC_06_15_2020-EX-4.25-SERVICES AGREEMENT.txt.json	https://www.wipo.int/wipolex/en/text/594301	ERROR: HTTPError – 404 Client Error: Not Found for url: https://www.wipo.int/wipolex/en/text/594301
2025-04-13T00:55:13.032829	omissions_legal/perturbed_ABILITYINC_06_15_2020-EX-4.25-SERVICES AGREEMENT.txt.json	https://www.nevo.co.il/en/law_html/law_01/004.htm	ERROR: HTTPError – 403 Client Error: Forbidden for url: https://www.nevo.co.il/en/law_html/law_01/004.htm
2025-04-13T00:55:14.337849	omissions_legal/perturbed_AFSALABANCORPINC_08_01_1996-EX-1.1-AGENCY AGREEMENT.txt.json	https://www.fdic.gov/resources/regulations/laws/federal/	ERROR: HTTPError – 404 Client Error: Not Found for url: https://www.fdic.gov/resources/regulations/laws/federal/
2025-04-13T00:55:15.014027	omissions_legal/perturbed_AFSALABANCORPINC_08_01_1996-EX-1.1-AGENCY AGREEMENT.txt.json	https://www.sec.gov/about/laws/sea34.pdf	ERROR: HTTPError – 403 Client Error: Forbidden for url: https://www.sec.gov/about/laws/sea34.pdf
2025-04-13T00:55:15.583055	omissions_legal/perturbed_AFSALABANCORPINC_08_01_1996-EX-1.1-AGENCY AGREEMENT.txt.json	https://www.sec.gov/files/rules/final/33-11273.pdf	ERROR: HTTPError – 403 Client Error: Forbidden for url: https://www.sec.gov/files/rules/final/33-11273.pdf
2025-04-13T00:55:16.324373	omissions_legal/perturbed_AIRTECHINTERNATIONALGROUPINC_05_08_2000-EX-10.4-FRANCHISE AGREEMENT.txt.json	https://statutes.capitol.texas.gov/Docs/BC/htm/BC.12.htm	OK
2025-04-13T00:55:16.825242	omissions_legal/perturbed_AIRTECHINTERNATIONALGROUPINC_05_08_2000-EX-10.4-FRANCHISE AGREEMENT.txt.json	N/A - General principle; specific requirements vary by industry and activity.	SKIPPED (no url)
2025-04-13T00:55:16.870295	omissions_legal/perturbed_AIRTECHINTERNATIONALGROUPINC_05_08_2000-EX-10.4-FRANCHISE AGREEMENT.txt.json	https://statutes.capitol.texas.gov/Docs/BC/htm/BC.12.htm	OK
2025-04-13T00:55:17.881541	omissions_legal/perturbed_AlliedEsportsEntertainmentInc_20190815_8-K_EX-10.34_11788308_EX-10.34_Sponsorship Agreement.txt.json	https://leginfo.legislature.ca.gov/faces/codes_displaySection.xhtml?lawCode=COM&sectionNum=2312	OK
2025-04-13T00:55:21.400829	omissions_legal/perturbed_AlliedEsportsEntertainmentInc_20190815_8-K_EX-10.34_11788308_EX-10.34_Sponsorship Agreement.txt.json	https://www.courts.ca.gov/cms/rules/index.cfm?title=three&linkid=rule3_216	ERROR: HTTPError – 404 Client Error: Not Found for url: https://courts.ca.gov/cms/rules/index/three/rule3_216
2025-04-13T00:55:22.283609	omissions_legal/perturbed_AlliedEsportsEntertainmentInc_20190815_8-K_EX-10.34_11788308_EX-10.34_Sponsorship Agreement.txt.json	https://leginfo.legislature.ca.gov/faces/codes_displaySection.xhtml?lawCode=CIV&sectionNum=1655	OK
2025-04-13T00:55:23.343974	inconsistencies_legal/perturbed_ACCURAYINC_09_01_2010-EX-10.31-DISTRIBUTOR AGREEMENT.txt.json	https://www.law.cornell.edu/ucc/2/206	ERROR: HTTPError – 404 Client Error: Not Found for url: https://www.law.cornell.edu/ucc/2/206
2025-04-13T00:55:23.976317	inconsistencies_legal/perturbed_ACCURAYINC_09_01_2010-EX-10.31-DISTRIBUTOR AGREEMENT.txt.json	https://www.law.cornell.edu/wex/good_faith	OK
2025-04-13T00:55:26.798695	inconsistencies_legal/perturbed_ACCURAYINC_09_01_2010-EX-10.31-DISTRIBUTOR AGREEMENT.txt.json	https://www.ftc.gov/legal-library/browse/statutes/magnuson-moss-warranty-federal-trade-commission-improvements-act	OK
2025-04-13T00:55:27.434692	inconsistencies_legal/perturbed_ADAMSGOLFINC_03_21_2005-EX-10.17-ENDORSEMENT AGREEMENT.txt.json	https://www.law.cornell.edu/ucc/1/1-304	OK
2025-04-13T00:55:30.132828	inconsistencies_legal/perturbed_ADAMSGOLFINC_03_21_2005-EX-10.17-ENDORSEMENT AGREEMENT.txt.json	https://law.justia.com/codes/restatement/second/contracts/topic-5/section-241/	ERROR: HTTPError – 404 Client Error: Not Found for url: https://law.justia.com/codes/restatement
2025-04-13T00:55:31.510358	inconsistencies_legal/perturbed_ADAMSGOLFINC_03_21_2005-EX-10.17-ENDORSEMENT AGREEMENT.txt.json	http://www.kslegislature.org/li_2012/b2011_12/statute/060_000_0000_chapter/060_032_0000_article/060_032_0027_section/060_032_0027_k/	ERROR: HTTPError – 404 Client Error: Not Found for url: https://www.kslegislature.gov/li_2012/b2011_12/statute/060_000_0000_chapter/060_032_0000_article/060_032_0027_section/060_032_0027_k/
2025-04-13T00:55:32.605330	inconsistencies_legal/perturbed_ALCOSTORESINC_12_14_2005-EX-10.26-AGENCY AGREEMENT.txt.json	https://leginfo.legislature.ca.gov/faces/codes_displaySection.xhtml?lawCode=CIV&sectionNum=1946	OK
2025-04-13T00:55:33.459790	inconsistencies_legal/perturbed_ALCOSTORESINC_12_14_2005-EX-10.26-AGENCY AGREEMENT.txt.json	https://leginfo.legislature.ca.gov/faces/codes_displaySection.xhtml?lawCode=BPC&sectionNum=7159.5	OK
2025-04-13T00:55:34.066389	inconsistencies_legal/perturbed_ALCOSTORESINC_12_14_2005-EX-10.26-AGENCY AGREEMENT.txt.json	https://www.law.cornell.edu/ucc/2	OK
2025-04-13T00:55:34.955966	inconsistencies_legal/perturbed_2ThemartComInc_19990826_10-12G_EX-10.10_6700288_EX-10.10_Co-Branding Agreement_ Agency Agreement.txt.json	https://leginfo.legislature.ca.gov/faces/codes_displaySection.xhtml?lawCode=CORP&sectionNum=1502	OK
2025-04-13T00:55:35.997409	inconsistencies_legal/perturbed_2ThemartComInc_19990826_10-12G_EX-10.10_6700288_EX-10.10_Co-Branding Agreement_ Agency Agreement.txt.json	https://leginfo.legislature.ca.gov/faces/codes_displaySection.xhtml?lawCode=COM&sectionNum=1304	OK
2025-04-13T00:55:36.858172	inconsistencies_legal/perturbed_2ThemartComInc_19990826_10-12G_EX-10.10_6700288_EX-10.10_Co-Branding Agreement_ Agency Agreement.txt.json	https://leginfo.legislature.ca.gov/faces/codes_displaySection.xhtml?lawCode=CIV&sectionNum=3426	OK
2025-04-13T00:55:37.591251	inconsistencies_legal/perturbed_AimmuneTherapeuticsInc_20200205_8-K_EX-10.3_11967170_EX-10.3_Development Agreement.txt.json	https://leginfo.legislature.ca.gov/faces/codes_displaySection.xhtml?lawCode=COM&sectionNum=1201	OK
2025-04-13T00:55:38.299069	inconsistencies_legal/perturbed_AimmuneTherapeuticsInc_20200205_8-K_EX-10.3_11967170_EX-10.3_Development Agreement.txt.json	https://leginfo.legislature.ca.gov/faces/codes_displaySection.xhtml?lawCode=CIV&sectionNum=1946	OK
2025-04-13T00:55:38.980988	inconsistencies_legal/perturbed_AimmuneTherapeuticsInc_20200205_8-K_EX-10.3_11967170_EX-10.3_Development Agreement.txt.json	https://leginfo.legislature.ca.gov/faces/codes_displaySection.xhtml?lawCode=COM&sectionNum=1304	OK
2025-04-13T00:55:39.679713	inconsistencies_legal/perturbed_ADMA BioManufacturing, LLC -  Amendment #3 to Manufacturing Agreement .txt.json	http://www.leg.state.fl.us/statutes/index.cfm?App_mode=Display_Statute&URL=0000-0099/0095/Sections/0095.11.html	OK
2025-04-13T00:55:40.701325	inconsistencies_legal/perturbed_ADMA BioManufacturing, LLC -  Amendment #3 to Manufacturing Agreement .txt.json	https://www.ecfr.gov/current/title-21/chapter-I/subchapter-F/part-600	OK
2025-04-13T00:55:41.354578	inconsistencies_legal/perturbed_ADMA BioManufacturing, LLC -  Amendment #3 to Manufacturing Agreement .txt.json	https://www.ecfr.gov/current/title-21/chapter-I/subchapter-F/part-606	OK
2025-04-13T00:55:42.220070	inconsistencies_legal/perturbed_AIRSPANNETWORKSINC_04_11_2000-EX-10.5-Distributor Agreement.txt.json	https://sdlegislature.gov/Statutes/Codified_Laws/DisplayStatute.aspx?Type=Statute&Statute=56-4	OK
2025-04-13T00:55:42.903718	inconsistencies_legal/perturbed_AIRSPANNETWORKSINC_04_11_2000-EX-10.5-Distributor Agreement.txt.json	https://sdlegislature.gov/Statutes/Codified_Laws/DisplayStatute.aspx?Type=Statute&Statute=53-9-11	OK
2025-04-13T00:55:44.373355	inconsistencies_legal/perturbed_AIRSPANNETWORKSINC_04_11_2000-EX-10.5-Distributor Agreement.txt.json	https://law.justia.com/codes/south-dakota/2004/title53/53-1-2.html	ERROR: HTTPError – 404 Client Error: Not Found for url: https://law.justia.com/codes/south-dakota/2004/title53/53-1-2.html
2025-04-13T00:55:45.151079	inconsistencies_legal/perturbed_ADAPTIMMUNETHERAPEUTICSPLC_04_06_2017-EX-10.11-STRATEGIC ALLIANCE AGREEMENT.txt.json	https://statutes.capitol.texas.gov/Docs/BC/htm/BC.1.htm	OK
2025-04-13T00:55:45.709300	inconsistencies_legal/perturbed_ADAPTIMMUNETHERAPEUTICSPLC_04_06_2017-EX-10.11-STRATEGIC ALLIANCE AGREEMENT.txt.json	https://statutes.capitol.texas.gov/Docs/CP/htm/CP.134.htm	OK
2025-04-13T00:55:46.473901	inconsistencies_legal/perturbed_ADAPTIMMUNETHERAPEUTICSPLC_04_06_2017-EX-10.11-STRATEGIC ALLIANCE AGREEMENT.txt.json	https://www.law.cornell.edu/topn/patent_law	ERROR: HTTPError – 404 Client Error: Not Found for url: https://www.law.cornell.edu/topn/patent_law
2025-04-13T00:55:47.561248	inconsistencies_legal/perturbed_ADUROBIOTECH,INC_06_02_2020-EX-10.7-CONSULTING AGREEMENT.txt.json	https://leginfo.legislature.ca.gov/faces/codes_displaySection.xhtml?lawCode=LAB&sectionNum=2751	OK
2025-04-13T00:55:48.366574	inconsistencies_legal/perturbed_ADUROBIOTECH,INC_06_02_2020-EX-10.7-CONSULTING AGREEMENT.txt.json	https://leginfo.legislature.ca.gov/faces/codes_displaySection.xhtml?lawCode=BPC&sectionNum=16600	OK
2025-04-13T00:55:49.136820	inconsistencies_legal/perturbed_ADUROBIOTECH,INC_06_02_2020-EX-10.7-CONSULTING AGREEMENT.txt.json	https://leginfo.legislature.ca.gov/faces/codes_displaySection.xhtml?lawCode=CIV&sectionNum=1624	OK
2025-04-13T00:55:49.826637	inconsistencies_legal/perturbed_AlliedEsportsEntertainmentInc_20190815_8-K_EX-10.19_11788293_EX-10.19_Content License Agreement.txt.json	https://www.irs.gov/	OK
2025-04-13T00:55:50.423326	inconsistencies_legal/perturbed_AlliedEsportsEntertainmentInc_20190815_8-K_EX-10.19_11788293_EX-10.19_Content License Agreement.txt.json	https://www.law.cornell.edu/wex/contract	OK
2025-04-13T00:55:51.059091	inconsistencies_legal/perturbed_AlliedEsportsEntertainmentInc_20190815_8-K_EX-10.19_11788293_EX-10.19_Content License Agreement.txt.json	https://www.law.cornell.edu/topn/worker_adjustment_and_retraining_notification_act	OK
2025-04-13T00:55:51.844024	inconsistencies_legal/perturbed_ACCELERATEDTECHNOLOGIESHOLDINGCORP_04_24_2003-EX-10.13-JOINT VENTURE AGREEMENT.txt.json	https://www.law.cornell.edu/ucc/13/1-304	ERROR: HTTPError – 404 Client Error: Not Found for url: https://www.law.cornell.edu/ucc/13/1-304
2025-04-13T00:55:52.637263	inconsistencies_legal/perturbed_ACCELERATEDTECHNOLOGIESHOLDINGCORP_04_24_2003-EX-10.13-JOINT VENTURE AGREEMENT.txt.json	https://www.law.cornell.edu/topn/source/USC/26/I/1/A/861	ERROR: HTTPError – 404 Client Error: Not Found for url: https://www.law.cornell.edu/topn/source/USC/26/I/1/A/861
2025-04-13T00:55:53.447750	inconsistencies_legal/perturbed_ACCELERATEDTECHNOLOGIESHOLDINGCORP_04_24_2003-EX-10.13-JOINT VENTURE AGREEMENT.txt.json	https://www.law.cornell.edu/topn/source/USC/26/I/A/441	ERROR: HTTPError – 404 Client Error: Not Found for url: https://www.law.cornell.edu/topn/source/USC/26/I/A/441
2025-04-13T00:55:54.081486	inconsistencies_legal/perturbed_ALLIANCEBANCORPINCOFPENNSYLVANIA_10_18_2006-EX-1.2-AGENCY AGREEMENT.txt.json	https://www.law.cornell.edu/cfr/text/17/240.10b-21	OK
2025-04-13T00:55:54.800756	inconsistencies_legal/perturbed_ALLIANCEBANCORPINCOFPENNSYLVANIA_10_18_2006-EX-1.2-AGENCY AGREEMENT.txt.json	https://www.law.cornell.edu/cfr/text/17/230.144	OK
2025-04-13T00:55:55.401829	inconsistencies_legal/perturbed_ALLIANCEBANCORPINCOFPENNSYLVANIA_10_18_2006-EX-1.2-AGENCY AGREEMENT.txt.json	https://www.law.cornell.edu/cfr/text/17/240.10b-5	OK
2025-04-13T00:55:56.067083	inconsistencies_legal/perturbed_ALAMOGORDOFINANCIALCORP_12_16_1999-EX-1-AGENCY AGREEMENT.txt.json	https://www.ecfr.gov/current/title-17/chapter-II/part-240/section-240.17a-4	OK
2025-04-13T00:55:57.094340	inconsistencies_legal/perturbed_ALAMOGORDOFINANCIALCORP_12_16_1999-EX-1-AGENCY AGREEMENT.txt.json	https://www.finra.org/rules-guidance/rulebooks/finra-rules/5131	OK
2025-04-13T00:55:58.752245	inconsistencies_legal/perturbed_ALAMOGORDOFINANCIALCORP_12_16_1999-EX-1-AGENCY AGREEMENT.txt.json	https://uscode.house.gov/view.xhtml?req=granuleid%3AUSC-prelim-title15-section78m&edition=prelim	OK
2025-04-13T00:55:59.785810	inconsistencies_legal/perturbed_ADUROBIOTECH,INC_06_02_2020-EX-10.7-CONSULTING AGREEMENT(1).txt.json	https://leginfo.legislature.ca.gov/faces/codes_displaySection.xhtml?lawCode=LAB&sectionNum=2751	OK
2025-04-13T00:56:00.618350	inconsistencies_legal/perturbed_ADUROBIOTECH,INC_06_02_2020-EX-10.7-CONSULTING AGREEMENT(1).txt.json	https://leginfo.legislature.ca.gov/faces/codes_displaySection.xhtml?lawCode=BPC&sectionNum=16600	OK
2025-04-13T00:56:01.229264	inconsistencies_legal/perturbed_ADUROBIOTECH,INC_06_02_2020-EX-10.7-CONSULTING AGREEMENT(1).txt.json	https://www.law.cornell.edu/wex/good_faith	OK
2025-04-13T00:56:02.046143	inconsistencies_legal/perturbed_ADIANUTRITION,INC_04_01_2005-EX-10.D2-RESELLER AGREEMENT.txt.json	https://leginfo.legislature.ca.gov/faces/codes_displayText.xhtml?lawCode=CONS&division=&title=&part=&chapter=&article=XV	OK
2025-04-13T00:56:02.791616	inconsistencies_legal/perturbed_ADIANUTRITION,INC_04_01_2005-EX-10.D2-RESELLER AGREEMENT.txt.json	https://leginfo.legislature.ca.gov/faces/codes_displaySection.xhtml?lawCode=COM&sectionNum=1201	OK
2025-04-13T00:56:03.549065	inconsistencies_legal/perturbed_ADIANUTRITION,INC_04_01_2005-EX-10.D2-RESELLER AGREEMENT.txt.json	https://www.law.cornell.edu/ucc/2/602	ERROR: HTTPError – 404 Client Error: Not Found for url: https://www.law.cornell.edu/ucc/2/602
2025-04-13T00:56:04.768821	inconsistencies_legal/perturbed_AgapeAtpCorp_20191202_10-KA_EX-10.1_11911128_EX-10.1_Supply Agreement.txt.json	https://www.legislation.gov.uk/ukpga/1979/54/section/14	OK
2025-04-13T00:56:08.093103	inconsistencies_legal/perturbed_AgapeAtpCorp_20191202_10-KA_EX-10.1_11911128_EX-10.1_Supply Agreement.txt.json	https://www.lawcom.gov.uk/project/consumer-insurance-law/	ERROR: HTTPError – 404 Client Error: Not Found for url: https://lawcom.gov.uk/project/consumer-insurance-law/
2025-04-13T00:56:10.453585	inconsistencies_legal/perturbed_AgapeAtpCorp_20191202_10-KA_EX-10.1_11911128_EX-10.1_Supply Agreement.txt.json	https://www.lawcom.gov.uk/project/consumer-insurance-law/	ERROR: HTTPError – 404 Client Error: Not Found for url: https://lawcom.gov.uk/project/consumer-insurance-law/
2025-04-13T00:56:11.500990	inconsistencies_legal/perturbed_ABILITYINC_06_15_2020-EX-4.25-SERVICES AGREEMENT.txt.json	https://leginfo.legislature.ca.gov/faces/codes_displaySection.xhtml?lawCode=BPC&sectionNum=7159.5	OK
2025-04-13T00:56:12.006283	inconsistencies_legal/perturbed_ABILITYINC_06_15_2020-EX-4.25-SERVICES AGREEMENT.txt.json	N/A (General principle; specific URL varies by jurisdiction and case law)	SKIPPED (no url)
2025-04-13T00:56:12.329241	inconsistencies_legal/perturbed_ABILITYINC_06_15_2020-EX-4.25-SERVICES AGREEMENT.txt.json	https://leginfo.legislature.ca.gov/faces/codes_displayText.xhtml?lawCode=CIV&division=3.&title=4.&part=2.&chapter=5.&article=	OK
2025-04-13T00:56:12.932710	inconsistencies_legal/perturbed_AFSALABANCORPINC_08_01_1996-EX-1.1-AGENCY AGREEMENT.txt.json	https://www.law.cornell.edu/cfr/text/17/240.15c2-4	OK
2025-04-13T00:56:13.539381	inconsistencies_legal/perturbed_AFSALABANCORPINC_08_01_1996-EX-1.1-AGENCY AGREEMENT.txt.json	https://www.law.cornell.edu/cfr/text/17/240.13a-13	OK
2025-04-13T00:56:14.826252	inconsistencies_legal/perturbed_AFSALABANCORPINC_08_01_1996-EX-1.1-AGENCY AGREEMENT.txt.json	https://uscode.house.gov/view.xhtml?req=granuleid%3AUSC-prelim-title15-section78m&edition=prelim	OK
2025-04-13T00:56:15.676366	inconsistencies_legal/perturbed_AIRTECHINTERNATIONALGROUPINC_05_08_2000-EX-10.4-FRANCHISE AGREEMENT.txt.json	https://leginfo.legislature.ca.gov/faces/codes_displayText.xhtml?lawCode=CORP&division=5.&title=4.&part=1.&chapter=1.&article=	OK
2025-04-13T00:56:16.275892	inconsistencies_legal/perturbed_AIRTECHINTERNATIONALGROUPINC_05_08_2000-EX-10.4-FRANCHISE AGREEMENT.txt.json	https://www.law.cornell.edu/wex/good_faith	OK
2025-04-13T00:56:17.051958	inconsistencies_legal/perturbed_AIRTECHINTERNATIONALGROUPINC_05_08_2000-EX-10.4-FRANCHISE AGREEMENT.txt.json	https://statutes.capitol.texas.gov/Docs/ES/htm/ES.451.htm	OK
2025-04-13T00:56:17.907029	inconsistencies_legal/perturbed_AlliedEsportsEntertainmentInc_20190815_8-K_EX-10.34_11788308_EX-10.34_Sponsorship Agreement.txt.json	https://leginfo.legislature.ca.gov/faces/codes_displaySection.xhtml?lawCode=CIV&sectionNum=1655	OK
2025-04-13T00:56:18.747138	inconsistencies_legal/perturbed_AlliedEsportsEntertainmentInc_20190815_8-K_EX-10.34_11788308_EX-10.34_Sponsorship Agreement.txt.json	https://leginfo.legislature.ca.gov/faces/codes_displaySection.xhtml?lawCode=CCP&sectionNum=1281	OK
2025-04-13T00:56:19.891757	inconsistencies_legal/perturbed_AlliedEsportsEntertainmentInc_20190815_8-K_EX-10.34_11788308_EX-10.34_Sponsorship Agreement.txt.json	https://constitution.congress.gov/browse/amendment-14/	ERROR: HTTPError – 403 Client Error: Forbidden for url: https://constitution.congress.gov/browse/amendment-14/
